twitch_id,twitch_username,discord_id,discord_username,ntsc_pb,ntsc_pb_updated_at,pal_pb,pal_pb_updated_at,country_code,country
46642211,asongscout,,,699183,2019-11-18T01:05:29.695247+00:00,,,,
29446784,offwo200,,,603000,2019-10-25T03:19:57.006923+00:00,,,,
408785977,berenyi_kft,,,1255171,2019-10-17T01:57:13.404108+00:00,687000,2019-10-03T22:54:04.032090+00:00,GBR,United Kingdom of Great Britain
35295944,mohammadbadir,,,1135429,,,,,
87298362,the1stnoel,,,375820,2020-01-20T03:23:46.152943+00:00,,,,
73613830,niner80,,,999999,2019-12-16T04:24:15.646870+00:00,,,,
268753206,neotrisss,,,854480,2019-10-03T21:45:43.522699+00:00,,,,
162569203,dmhero,,,724893,,,,,
50351540,kyleprecise,,,624764,2019-10-28T20:00:52.749632+00:00,,,,
187574781,louieskouie,,,999999,,,,,
62831432,megaretroman,,,999999,,,,,
144250361,l0wen,,,213000,,,,,
129663921,divinelyinspiredname,,,710220,2019-10-19T19:57:30.051775+00:00,,,,
131429075,johntriii,,,661200,,,,,
66221286,applebananaking,,,1,,,,,
191935868,poo_diepio,,,930387,2020-01-30T19:42:50.303101+00:00,,,,
83241771,scuttlemesenpai,,,12,,,,,
187723105,sailorsaiko,,,1,,,,,
161378186,tbalaage14,,,1013480,,,,,
85780494,chipsauce,,,508000,,,,,
142871975,convergeai,,,502035,2020-02-01T17:44:52.645437+00:00,,,,
232440079,r00tifant,,,224065,,,,,
96057311,superman_km,,,1,,,,,
28424272,dnalei,,,1,,,,,
231765965,chubblesrl,,,353080,,,,,
66765843,pmya,,,1337441,2020-01-05T18:35:02.288289+00:00,687000,2019-11-23T07:02:38.971868+00:00,GBR,United Kingdom of Great Britain
37127586,f_symbols,,,915840,,,,,
133097389,in10city_,,,559821,2019-11-23T22:06:14.424514+00:00,,,,
39304564,nightcritter,,,1,,,,,
24214456,spiderwaffle,,,575001,2020-01-20T00:14:25.576214+00:00,,,,
111293785,00111101,,,1,,,,,
55007999,steven598,,,834076,,,,,
241663833,tetris_roo,,,953800,,,,,
178581844,raul_1138,,,841175,,,,,
27410052,northing1,,,538000,2020-01-23T11:22:06.177740+00:00,,,NLD,Netherlands
110806938,sundeco,,,1022660,2020-01-19T20:36:17.479889+00:00,,,,
401776719,benblacks,,,621820,,,,,
99010673,earlsilastupper,,,446443,2019-10-12T00:15:41.731564+00:00,1,2019-10-12T00:18:10.290856+00:00,DEU,Germany
262414727,gabrielrezende25,,,520000,,,,,
56664221,darthdreadz,,,804961,,,,,
180427701,amj_productions,,,860421,2020-01-05T00:59:35.679881+00:00,,,,
58602189,unclekev_,,,777776,2019-10-16T01:49:43.873497+00:00,,,,
150817498,ianswertonoone,,,550000,,,,,
162677754,qlf9_plays,,,303400,,,,,
29730512,mobuco,,,420069,,,,,
123257192,itzsharky1,,,1044611,2019-11-13T03:18:27.019556+00:00,,,,
50691428,felixnxt,,,550000,,,,,
134965786,restingzzz,,,843220,2020-01-21T09:15:42.768177+00:00,,,,
90836480,bloonawsome,,,375586,,,,,
405141999,potato_l1cker,,,67450,,,,,
420431463,tetris4fabrice,,,69,,,,,
409339430,bigjoe__,,,599000,,,,,
401033194,goel25,,,589545,,,,,
106869674,chodelerone,,,700000,,,,,
133501435,advenchagamer,,,523822,,,,,
231506831,tetriscrab,,,1201283,,,,,
131454884,classictetris,,,616160,2019-11-02T22:19:08.946202+00:00,616160,2019-10-05T23:05:43.351254+00:00,,
112051612,ryoko82,,,190017,,,,,
85449079,mr_clydethecat,,,570000,,,,,
213719813,burketkenny,,,692132,,,,,
277414456,pj290,,,504200,,,,,
195020552,acorndogulous,,,754160,2019-10-05T23:29:50.415456+00:00,,,,
14908391,beastinshen,,,1036780,2019-10-07T22:41:58.766839+00:00,,,,
96990265,xsuperflarestarx,,,609989,,,,,
186554126,betastrep,,,899060,,,,,
251939581,ugly_dave,,,465480,,,,,
411981432,spacetimematters,,,67000,,,,,
209996849,datboi130,,,999999,,,,,
36125642,benmullen297,,,1089640,,,,,
425815589,xerowolf42,,,490723,,,,,
115410177,artismscrub,,,738340,2019-10-20T22:53:45.166128+00:00,,,,
36876606,leb111,,,111,,,,,
150818509,mecex17,,,1069550,,,,,
58093777,cynis001,,,351420,,,,,
116596736,oeufmeansegg,,,1056679,,,,,
10468875,dobuwitz,,,303480,,,,,
65400898,spoopydoops,,,713113,2019-12-22T22:39:50.864427+00:00,,,,
90658759,evybabee,,,604377,,,,,
186139475,bubblerhapsody,,,1195679,,666779,2019-10-03T22:55:59.023547+00:00,,
36471630,tillbaks,,,637653,2020-01-05T23:26:18.735674+00:00,522560,2020-01-05T23:26:53.316345+00:00,,
90022213,coldfire41,,,693792,,,,,
436047996,obelexobendre,,,495260,2019-09-15T22:19:36.482911+00:00,,,,
85936740,mixunio66,,,422900,2019-10-12T00:16:46.680746+00:00,313980,2019-10-12T00:19:15.962008+00:00,POL,Poland
57412684,scottobozo,,,629960,,,,,
151330806,ggnyikus,,,87000,,,,,
152447022,roy_compera,,,1505,,,,,
143650917,paradoink,,,48869,,,,,
109697993,mr_apple_juice_91,,,64020,,,,,
82908487,somedude1316,,,398280,,,,,
232529203,dippyslays,,,5,,,,,
237635975,1975tylerp,,,999999,,,,,
433998786,danielsong39,,,1,2020-01-13T00:21:53.337867+00:00,,,,
250542461,rainbowwphoenixx,,,489980,,,,,
55264061,h2ohappydude,,,403200,2020-01-25T17:53:47.004540+00:00,,,,
60814716,lazer0monkey,,,579491,,,,,
187386766,heitor2004,,,999403,,,,,
14156048,theguardianpm,,,572140,,,,,
49650994,paf0ne,,,324952,,,,,
113570364,bobski021,,,326787,,,,,
121660803,brianwilliams42,,,574180,2019-12-09T01:03:39.363737+00:00,,,,
189318676,clubsodawithlime,,,789060,,,,,
176936496,lg3rm,,,938420,2020-01-05T00:02:04.889329+00:00,,,,
265553936,skiplogic,,,679691,2020-01-14T00:53:17.732099+00:00,,,,
37072361,kidbillly,,,652000,,,,,
132566545,rensuchan,,,442140,,,,,
161436262,scamper9,,,679160,2020-01-14T00:52:50.251097+00:00,586840,2019-11-17T20:06:02.213052+00:00,,
431037650,ditshadows,,,765000,2019-11-25T01:39:51.796125+00:00,,,,
56339941,wike,,,329326,2019-11-03T18:15:24.244257+00:00,,,,
26131411,fbi_stevo,,,616194,,,,,
271367094,wannabetetrispro,,,580000,,,,,
275028067,zach_blizzard,,,449440,,,,,
113440570,averso_,,,524700,,,,,
72880446,beadle111,,,376985,2019-10-06T00:19:08.261361+00:00,,,,
93203282,mastergabe1295,,,400000,,,,,
142381868,stukontruk,,,380916,2019-10-20T00:46:36.448741+00:00,,,USA,United States of America
86925178,drjules13,,,597980,2020-01-19T22:59:04.182092+00:00,,,,
256755292,chrissyfordtwitch,,,1067205,2019-11-06T01:32:01.025527+00:00,,,,
70412570,cypressshepard,,,374543,2019-11-20T23:49:45.377492+00:00,,,,
44466948,whompronnie,175687301811142657,,515280,2019-10-22T21:04:49.943807+00:00,,,USA,United States of America
64033726,kirby703,214221392340713472,Kirby703,832560,2019-10-06T04:17:34.707268+00:00,,,USA,United States of America
149068958,galoomba_,253227815338508289,galoomba,1214840,2019-10-22T18:56:08.077478+00:00,635540,2019-10-22T18:55:55.500533+00:00,SVN,Slovenia
89587544,professor_l,125766550035759104,Professor L,1060680,2020-01-04T17:31:16.092782+00:00,,,USA,United States of America
113546852,dexfore,237426489505742848,Dumbo52,877200,2019-12-16T23:23:52.258358+00:00,,,USA,United States of America
66344620,jakegames2,178714383302656002,J¬≤,1356605,2020-02-03T03:48:40.951364+00:00,746840,2020-01-15T21:11:40.333060+00:00,CAN,Canada
147862423,vandweller,411395555462348800,vandweller,616160,2020-01-25T20:25:20.072392+00:00,396640,2020-01-12T16:17:35.616646+00:00,USA,United States of America
96204081,kofiow,247549874592153602,Kofi,1113880,2019-12-26T16:16:56.161900+00:00,,,MDV,Maldives
61079997,oktopuse,236640907494031362,oktopuse,875040,2019-12-27T23:55:09.637178+00:00,482520,2019-09-15T18:59:20.316884+00:00,USA,United States of America
236977555,tegamech,95204045379080192,MegaTech,1058081,2019-12-02T11:17:46.860380+00:00,696780,2020-01-02T06:49:20.808953+00:00,SWE,Sweden
134547965,tristop,240196824902664192,Tristop,1100060,2020-01-24T22:28:51.387841+00:00,0,2019-10-03T14:47:33.188613+00:00,USA,United States of America
58330529,moodeuce,167612761734381568,moodeuce,981780,2020-01-12T00:28:41.441978+00:00,645694,2020-01-06T08:38:46.777099+00:00,AUS,Australia
135425584,hydrantdude8,270605669688803329,HydrantDude,1201320,2020-01-26T00:10:14.281891+00:00,530539,2020-01-18T07:38:00.912948+00:00,USA,United States of America
46243996,rexion_,440626721641857024,Rexion,699180,2020-02-02T01:17:30.274535+00:00,,,AUS,Australia
141684772,de__martian,220344188271591424,De Martian,801464,2019-09-07T22:47:54.426759+00:00,451280,2019-09-16T17:29:27.311756+00:00,USA,United States of America
,,318164659251445761,OeufMeansEgg,1056679,2019-09-08T02:26:40.775214+00:00,,,USA,United States of America
67465287,danqztwitch,133236206375927808,QZ,830000,2020-01-16T01:15:00.699689+00:00,0,2020-01-06T23:29:09.679164+00:00,USA,United States of America
49519823,treylorswift,,,999999,2019-09-08T02:51:36.333463+00:00,,,,
36728203,grzechooo,168722887698677761,gggggg,489280,2019-09-08T02:51:37.986841+00:00,422860,2019-09-09T02:55:26.893101+00:00,VAT,Holy See
,,91014507471589376,rensuchan,442140,2019-09-08T02:52:46.496586+00:00,,,USA,United States of America
434395363,silverrr_g,392856174036516864,Silver G,955924,2019-12-18T04:37:14.272125+00:00,,,CAN,Canada
171537088,kingsman36,548672719248424961,Kingsman,534042,2019-11-24T17:35:28.968879+00:00,,,USA,United States of America
415530948,mistec43,546485843423002624,mistec43,453440,,0,2019-10-06T17:58:25.840181+00:00,USA,United States of America
405653211,cheez_fish,529525071392407570,CheeZ_Fish,999999,2020-01-02T07:21:53.520598+00:00,689185,2019-12-06T03:12:22.773234+00:00,USA,United States of America
127165710,b14nk17,188863367195262976,B14NK,1071940,2020-01-05T00:20:00.053330+00:00,,,USA,United States of America
39676411,roncli,84481289050152960,roncli,536132,2019-09-08T05:54:49.026587+00:00,,,USA,United States of America
173771641,terhoa,433723442106466304,-JJ,826640,2019-12-29T19:29:02.927083+00:00,652700,2019-10-03T14:43:37.416899+00:00,FIN,Finland
268938592,z_wing_,519797906811912192,Z Wing,790440,2020-01-18T16:53:57.182541+00:00,,,USA,United States of America
88307328,muunas,210606374466355202,Muunas,963750,,529217,2020-01-04T09:21:27.341240+00:00,USA,United States of America
,,270371617413136384,,1290000,2019-12-26T21:44:37.174582+00:00,664400,2019-09-09T08:19:36.769035+00:00,,
67744419,adudeabides,361998863751446555,the dude,913670,2020-01-04T03:30:38.472417+00:00,,,USA,United States of America
84294814,japorto,218969840495362049,japorto,890826,2019-12-21T13:22:10.623002+00:00,,,BRA,Brazil
,,252310760615706625,Somalian,625160,2019-11-04T19:33:30.342187+00:00,,,,
24107276,xeal337,195893042153127937,XaeL,1049692,2019-11-02T01:00:22.078697+00:00,614149,2019-11-01T21:24:26.149386+00:00,FSM,Micronesia (Federated States of)
,,617032292094705834,fractal161,1007820,2019-11-15T03:07:31.055371+00:00,,,,
159167736,chrisforyst,194555362668445696,Chris Foryst,429193,2019-11-13T18:44:35.893190+00:00,417458,2020-02-01T08:52:02.561210+00:00,POL,Poland
230412362,holifyre,592099842734555174,Holifyre,934854,2019-11-20T20:37:37.273652+00:00,510265,2020-01-17T23:42:37.222414+00:00,KOR,Korea
,,181024503453712384,Egg,603261,2019-12-08T10:00:02.417898+00:00,,,POL,Poland
,,190437287408959488,Paul Ê•ä,999999,2019-12-22T17:49:58.151958+00:00,,,SGP,Singapore
37679175,somalian_captain,,,716040,2020-01-24T03:41:07.436001+00:00,,,,
251118986,lyricxavier124,,,80085,2019-09-12T08:34:39.496988+00:00,,,,
407130832,mattholland,552326386233376796,mattholland,566600,2019-11-17T09:06:10.624462+00:00,,,USA,United States of America
104062621,jazzthief81,343493600794902528,jazzthief81,860700,2019-09-13T09:01:24.067125+00:00,492640,2019-09-22T09:08:59.540196+00:00,BEL,Belgium
47170429,topplingtopple,,,382582,2019-09-15T04:20:47.524052+00:00,,,,
30941898,deeemmsee,90865163086880768,DeeEmmSee,580550,2020-01-31T22:58:54.450303+00:00,,,GBR,United Kingdom of Great Britain
,,310175524775264256,Your_Emperor,919849,2019-09-15T18:30:49.422160+00:00,,,,
422030459,eggdizzy,,,513675,2019-09-15T18:55:18.179900+00:00,,,,
224105642,rev_up,,,999999,2019-10-19T17:32:28.633296+00:00,,,,
425999610,jokthreee,,,65589,2019-09-15T20:33:31.245843+00:00,,,,
157036217,lana64,315331749473288196,Lana64,683800,2019-10-21T09:23:21.234662+00:00,517822,2019-10-21T08:46:04.803297+00:00,AUS,Australia
123334587,drachenhannes,,,314770,2019-11-17T22:51:34.338505+00:00,,,,
100059692,azn_anthony,,,812714,2019-11-11T09:05:55.602036+00:00,,,,
65646718,pollsmor,,,651300,2019-09-17T01:51:52.295578+00:00,,,,
108190986,pirbip,172634804817362944,PirBip,,,378780,2019-09-22T16:39:28.649476+00:00,FRA,France
20929999,archina,66265756840501248,Archina,491356,2019-09-17T12:57:22.714813+00:00,573880,2019-09-17T12:55:32.168756+00:00,GBR,United Kingdom of Great Britain
154935035,eristhevorta,246751772482207752,,955800,2019-12-31T10:34:31.102082+00:00,644820,2019-11-08T16:02:55.556478+00:00,CHE,Switzerland
29311109,hezzuli,116903260819816451,Hezzuli,947434,2019-12-29T04:10:30.112725+00:00,676960,2019-09-17T13:03:43.450150+00:00,FIN,Finland
,,362621024266747924,Marq,999999,2019-09-17T14:22:41.276029+00:00,645040,2019-09-17T14:22:24.271205+00:00,DEU,Germany
62444785,casuallypwning,394611438179713026,CasuallyPwning,867308,2020-01-27T16:39:21.874459+00:00,584761,2019-10-18T13:34:09.329159+00:00,GBR,United Kingdom of Great Britain
140806530,sinewaveslicer,82985293107429376,sinewave,847535,2019-12-31T21:35:09.983736+00:00,529040,2019-09-17T15:37:28.978601+00:00,DEU,Germany
80411717,theyamny,203892769108787200,yamny,526171,2019-11-15T05:57:13.123513+00:00,549931,2019-09-17T17:35:06.213656+00:00,POL,Poland
106785965,t_flat,164132401658724352,T-Flat the Koopa,507140,2019-10-22T04:43:55.899495+00:00,,,USA,United States of America
,,497007359827116055,exewin,656052,2019-12-01T00:17:27.267716+00:00,491291,2019-09-20T22:38:31.138351+00:00,,
85324879,akarres,272939211051761675,AKR,757680,2019-09-19T05:23:01.321865+00:00,,,USA,United States of America
,,359759855428304906,≈öwidr,219533,2019-10-19T13:05:03.031805+00:00,499955,2020-01-08T21:59:19.872689+00:00,POL,Poland
144630905,kibi_byte,199676733971103745,Kibi Byte,458502,2020-01-23T07:36:42.206340+00:00,,,USA,United States of America
192928629,brodindamp,316745320853929984,brodindamp,1161911,2020-01-25T23:09:41.613341+00:00,714363,2020-01-20T21:40:05.929680+00:00,USA,United States of America
262639344,ericicx,577211052513558691,EricICX,1078740,2020-01-23T23:34:53.829945+00:00,0,2019-12-26T21:52:07.960786+00:00,USA,United States of America
,,269681888380190730,skiplogic,679691,2020-02-03T22:38:17.232789+00:00,,,,
,,292064902598754304,ITZsharky,1044611,2019-12-06T03:09:49.388692+00:00,,,,
,,299075695198470145,Resting ZZZ,843220,2020-01-21T09:13:31.951996+00:00,,,USA,United States of America
,,209332912816914432,idude,590211,2019-10-16T10:31:25.114884+00:00,499610,2019-09-26T13:05:51.393734+00:00,AUT,Austria
,,129804419771400192,Solareon,690020,2020-01-07T23:38:40.939549+00:00,,,CAN,Canada
164469393,themistervalor,,,999999,2019-12-20T07:23:01.571469+00:00,,,,
,,508401430034382864,RoelV,0,2019-12-03T20:01:06.127976+00:00,597040,2020-01-05T18:07:16.732230+00:00,BEL,Belgium
100879122,pokemonfan1937,459186323140378624,pokemonfan1937,288295,2019-10-04T14:33:49.961993+00:00,277086,2019-10-05T14:17:51.732739+00:00,TWN,Taiwan
218890772,its_dlo,509567820120719380,DLo,1026240,2019-10-08T21:50:12.431796+00:00,,,USA,United States of America
191063622,kelly____,413931483674181632,gummithecat,551600,2019-09-30T18:10:09.020158+00:00,,,USA,United States of America
444783633,strokemaster,,,50,2019-10-01T00:42:02.378918+00:00,,,,
,,251448144926081025,wuchta,199622,2019-10-08T08:09:28.834350+00:00,170750,2019-10-17T17:57:19.343282+00:00,,
166139152,engjohann,553703753262432314,EngJohann,760980,2020-01-26T06:52:53.458513+00:00,,,BRA,Brazil
,,296430531309207553,Rev,999999,2019-10-16T17:11:40.409797+00:00,,,USA,United States of America
407346013,maedhros1978,506067371388043284,maedhros1978,420480,2019-11-28T10:42:24.323750+00:00,290020,2020-01-22T11:41:22.550500+00:00,ITA,Italy
118902082,maiteireida,261206955027202059,Nobody in Particular,382000,2019-10-03T19:16:07.807940+00:00,432700,2019-12-19T17:29:19.402059+00:00,,
158858243,nerdzzzzz,503162247992836106,NerDzzzzz,1097235,2019-12-28T18:54:39.201384+00:00,,,HKG,Hong Kong
29170888,nickyownsyou,,,415650,2019-10-05T23:41:18.334304+00:00,,,,
41171614,depcow,,,568000,2019-10-06T00:19:30.517650+00:00,,,,
73763963,andre01001110,253263563672518656,Andre,597640,2019-10-06T04:45:51.872572+00:00,493100,2019-10-06T04:46:45.511281+00:00,GBR,United Kingdom of Great Britain
10772020,emptyeye,99919163828477952,Emptyeye,464247,2020-01-30T00:20:02.676963+00:00,,,USA,United States of America
,,207422836858421248,marv,411800,2019-10-06T13:23:15.926298+00:00,306760,2019-10-06T13:24:59.773019+00:00,DEU,Germany
,,244360467378733058,Scottobozo,1009000,2019-12-31T23:48:43.372543+00:00,,,USA,United States of America
,,124922098488573955,Cynis001,522620,2019-11-25T09:40:56.278394+00:00,471391,2019-10-07T12:00:54.731459+00:00,DEU,Germany
,,163012838284197889,The1stNoel,890140,2019-10-07T15:04:44.136359+00:00,540120,2019-10-07T15:05:35.066989+00:00,USA,United States of America
185224581,dogplayingtetris,608161056929480714,dog,1106700,2020-01-29T00:30:24.567676+00:00,572840,2020-02-03T19:42:17.132060+00:00,USA,United States of America
185334948,videogamebrosyt,329431559969177602,PixelAndy,1014660,2020-01-16T03:35:23.109359+00:00,,,USA,United States of America
41514691,limen123,,,650000,2019-10-09T02:34:36.039136+00:00,,,,
123966487,franticthumb,435566713623543829,franticthumb,517200,2020-01-08T18:52:06.009351+00:00,576900,2019-10-23T22:49:38.154549+00:00,GBR,United Kingdom of Great Britain
,,398922664900558858,theschoolmaster,1055507,2019-10-10T21:31:43.413852+00:00,,,,
141658168,sakura5555ppt,338059897730105345,annie,275395,2020-01-16T01:21:21.252867+00:00,,,USA,United States of America
193711777,maoshizhong,120227869157883904,MaoShizhong,592010,2019-12-12T10:30:44.065197+00:00,598240,2019-12-27T11:57:33.458401+00:00,GBR,United Kingdom of Great Britain
144991267,nihilisticaxolotl,,,630000,2019-10-12T00:15:47.221124+00:00,,,,
39317260,primatis,,,1,2019-10-12T01:03:17.626015+00:00,,,,
,,542178572681609220,Farhan_Algustian,669993,2019-10-12T12:29:35.361993+00:00,,,,
,,530523079865008168,,341707,2019-10-25T03:06:29.327913+00:00,,,,
459625600,samantha_jam02,434318035826769931,Samanthaüéó,332720,2020-01-18T15:18:07.657127+00:00,133760,2019-11-16T16:08:21.286196+00:00,GBR,United Kingdom of Great Britain
,,409979200641040384,,651257,2019-11-30T13:33:57.544231+00:00,,,AUS,Australia
,,285681496772182016,Oscar._,548555,2019-12-07T12:52:36.163470+00:00,,,AUS,Australia
,,161292324347838464,dansushi,665040,2019-10-18T13:38:27.849186+00:00,,,,
112803379,alwin___,476455324329574401,Alwin,778460,2019-12-07T14:07:40.620078+00:00,,,CHE,Switzerland
177259517,roccoricci,417401009481187358,roccoricci,520760,2020-01-08T22:21:34.756856+00:00,620733,2020-01-30T18:51:17.696227+00:00,NLD,Netherlands
104059788,kappapridelover,,,304530,2019-11-28T20:58:06.765060+00:00,,,,
126598233,carolina_dutra,,,1298840,2019-10-19T20:51:58.702106+00:00,,,,
426363626,tst_man,,,1400000,2019-10-19T23:24:51.417463+00:00,1400000,2019-10-20T00:45:46.226107+00:00,RUS,Russian Federation
213127433,erkmergerk,,,556899,2019-10-19T20:51:26.524683+00:00,,,,
60729525,sebs_123,,,69907,2019-10-20T01:43:12.050110+00:00,0,2019-10-19T23:44:13.501051+00:00,CAN,Canada
187972320,gdmatthewry,,,921843,2019-10-19T20:50:04.726289+00:00,,,,
1910328,urto,,,315538,2019-10-19T20:50:09.546987+00:00,,,,
121485719,doubleviciousquip,,,545840,2019-10-19T20:50:12.021722+00:00,,,,
132417177,solmistice,,,352242,2019-10-20T20:38:27.123036+00:00,,,,
159578086,kyomahm,,,250000,2019-10-19T20:50:33.533253+00:00,,,,
400925318,lordhorst13,,,1,2019-10-19T20:50:52.659072+00:00,13,2019-10-19T21:37:43.483212+00:00,,
112691058,ffrpro21,,,552120,2019-10-19T20:51:02.424927+00:00,,,,
99617340,migmasterx,,,604428,2019-10-19T20:51:10.350664+00:00,,,,
142661669,oofed73,,,1005200,2019-10-25T20:51:42.664147+00:00,,,,
172339753,iwantdrugsnothugs,,,1,2019-10-19T20:59:34.080200+00:00,,,,
162019631,themuffinboi,,,639780,2019-10-20T18:03:29.626912+00:00,,,,
50807592,hackspider,,,1,2019-10-19T21:00:06.805853+00:00,,,,
101264772,starwise,118384804520525825,Misa / Starwise,490414,2019-10-20T18:22:17.257643+00:00,511051,2019-10-19T21:17:12.109169+00:00,FIN,Finland
89026743,elcaesogrande,,,582000,2019-10-19T21:35:30.364986+00:00,224,2019-10-19T21:38:19.253479+00:00,,
405380658,davidmichaelj,,,757640,2020-01-19T22:41:36.844578+00:00,,,,
36848090,mauled_by_the_tigers_trv,,,371620,2019-10-19T21:33:11.424505+00:00,,,GBR,United Kingdom of Great Britain
197082513,hav0cwraith,,,321000,2019-10-19T21:35:46.626965+00:00,,,,
149015375,airetho,,,612925,2019-11-13T03:17:06.489597+00:00,1399999,2019-11-13T03:19:40.298736+00:00,,
130403738,dekk_cl,,,528500,2019-11-14T06:42:58.599432+00:00,,,,
49089171,cylosix,,,420,2019-10-19T21:37:16.896207+00:00,,,,
417009982,thejkais,,,373260,2019-10-19T21:37:32.987536+00:00,,,,
45356161,fmtownsparty,,,42069,2019-10-19T21:38:01.903754+00:00,,,,
460291004,ticky_the_hex,,,314664,2019-10-19T23:20:28.158837+00:00,,,GBR,United Kingdom of Great Britain
52332240,steakmann,,,650200,2019-10-19T23:23:40.589134+00:00,,,USA,United States of America
104352245,andrewism21,,,581801,2019-10-19T23:24:25.946918+00:00,,,,
25500434,moozooh,,,519109,2019-11-02T22:20:27.935207+00:00,480212,2019-11-02T22:20:56.407723+00:00,,
152030943,dotogoto,,,999998,2019-10-19T23:43:47.244216+00:00,,,,
32567168,mxckgit,,,325103,2019-10-19T23:54:07.657746+00:00,,,,
85383064,doctor_scifi,,,238106,2019-10-20T23:04:39.422883+00:00,,,USA,United States of America
139880513,khunran,,,850000,2019-10-20T00:46:12.115614+00:00,,,KOR,Korea
157821412,lucass3241,,,999999,2019-10-20T00:46:29.892013+00:00,,,,
23461992,kelevra1324,,,80085,2019-10-20T00:47:01.130273+00:00,,,,
158690450,seanyspotpig,,,4,2019-10-20T01:03:44.403602+00:00,,,,
64894551,axel5116,,,158600,2019-11-17T23:47:47.531912+00:00,,,USA,United States of America
463914468,horse_penetrationv4,,,673417,2019-10-20T00:53:11.648944+00:00,,,PRK,Korea (Democratic People's Republic of)
178050611,fregata_magnificens,,,524100,2019-10-20T00:51:46.995385+00:00,,,,
246522750,little_mac_12127,475361126486638612,Little Mac,678760,2020-02-04T12:32:48.059448+00:00,418580,2020-01-19T12:36:48.640784+00:00,RUS,Russian Federation
,,331830845981851649,Led_Astray,518632,2019-10-20T20:35:04.001165+00:00,,,RUS,Russian Federation
163108487,sodiumoverdose,328679649582383105,SodiumOverdose,1052540,2020-01-27T19:19:47.786834+00:00,572955,2020-01-12T06:14:35.131138+00:00,USA,United States of America
40582289,kirbyrocket,106531020425150464,Kirbyrocket,80643,2019-11-11T12:01:55.434815+00:00,,,USA,United States of America
112881645,howdyhamburger,,,172208,2019-10-21T01:00:46.715952+00:00,,,,
60492467,fridaywitch,93121003693043712,fridaywitch,650509,2019-10-21T07:54:13.226168+00:00,,,USA,United States of America
219133192,marcothesnail,397098874398965761,Taylor,,,340252,2019-10-22T18:39:14.194956+00:00,ESP,Spain
,,578658388247052311,simoneske,710111,2019-11-07T16:17:42.685310+00:00,703100,2019-10-21T14:34:01.086783+00:00,DNK,Denmark
,,229317722243203072,Scamper9,665800,2019-12-06T23:06:25.832381+00:00,586840,2019-11-15T16:19:09.672747+00:00,GBR,United Kingdom of Great Britain
,,609055401551462448,Poet13,0,2019-12-26T22:05:42.661046+00:00,689740,2019-12-26T22:05:21.106822+00:00,DEU,Germany
,,425400913683808256,AMJ Productions,860626,2019-10-22T00:27:15.609327+00:00,,,USA,United States of America
53390309,goober_lp,186551298806644736,GooberLP,472674,2019-11-11T22:18:45.053792+00:00,,,USA,United States of America
,,429270344394735618,bcupp76,501896,2019-10-22T17:13:07.401559+00:00,,,,
,,315535272571830272,McMuffin,580540,2019-10-28T14:16:44.347499+00:00,421100,2019-10-22T19:45:34.927977+00:00,NOR,Norway
463036448,64torches,400611345977966592,ƒçebela,368874,2019-12-18T23:42:17.601896+00:00,289306,2019-12-08T21:22:03.937701+00:00,SVN,Slovenia
13525818,jtn2002,208006602022715393,jtn2002,368788,2019-10-24T05:09:01.746555+00:00,,,USA,United States of America
26851026,nc_para_,201682180139778049,Zutatensuppe,406378,2019-10-24T11:26:52.838523+00:00,551395,2019-11-03T20:42:08.301498+00:00,DEU,Germany
468854531,rory79,619362995599835156,Rory,620320,2020-01-22T16:44:04.727038+00:00,,,MEX,Mexico
76383480,pastelcharlie,223282565463670784,PastelCharlie,450602,2020-01-30T01:52:02.193672+00:00,,,USA,United States of America
84200166,paul_yeo,,,999999,2019-12-25T20:02:14.994752+00:00,,,,
56930701,paulister,229322433440514048,Paulister,227234,2019-11-17T16:52:44.333313+00:00,191371,2019-11-01T12:23:21.031010+00:00,GRC,Greece
,,636960188338798622,TetrisMike,699580,2019-10-25T16:14:37.486987+00:00,,,,
,,573590364380856345,PiW,,,569500,2019-10-26T13:11:17.708706+00:00,,
95356399,deadmemelmao,236326912195166208,DTFPS,950880,2019-11-15T00:56:42.930498+00:00,296780,2020-01-04T05:51:06.019909+00:00,USA,United States of America
,,94880356062208000,Xarnax42,639190,2019-10-27T04:38:20.409152+00:00,,,,
,,142155088515956736,,186455,2019-11-03T03:49:01.147410+00:00,,,USA,United States of America
,,320401391963209738,paeddingtonbaer,,,144764,2019-10-27T14:33:10.641165+00:00,,
,,637434458517143554,AKUMA,640767,2020-01-24T00:46:43.061870+00:00,574772,2020-01-30T17:24:54.004307+00:00,DEU,Germany
139147653,eliwa131,238325136523001869,Eliwa,706038,2019-10-28T12:51:44.590485+00:00,635891,2019-10-28T12:52:51.092921+00:00,AUT,Austria
,,515849988463656970,,,,235659,2019-10-28T15:14:05.523341+00:00,,
464892773,markpm0,320275002811351051,Mark Migas,874804,2019-12-31T22:01:36.897470+00:00,650340,2020-01-17T13:03:35.591278+00:00,DEU,Germany
,,635177297787224103,Dax,,,361682,2019-11-02T10:32:21.517517+00:00,,
,,317325040339386369,Maiwingkos,846513,2019-10-28T23:36:33.367801+00:00,619089,2019-10-28T23:36:49.280917+00:00,BEL,Belgium
467229608,peekayric,,,808102,2020-01-07T19:56:10.152720+00:00,,,,
,,212648525115162625,moozooh,519109,2019-10-29T17:41:54.232244+00:00,483650,2019-11-04T18:42:04.920439+00:00,,
,,313283173565988864,Cookie,310320,2020-01-03T12:03:26.067650+00:00,,,GBR,United Kingdom of Great Britain
45860600,puppyball,346803975254704129,puppyball,843441,2020-02-04T22:48:44.117213+00:00,,,USA,United States of America
161319455,iiipretzeliii,330183945922674688,Pretzel,466301,2020-01-31T19:38:10.054694+00:00,,,CAN,Canada
,,318583400703197204,Blaarg,927120,2019-10-31T20:11:24.366007+00:00,,,,
70565702,morelando_,399786142070734848,Morelando,722522,2019-12-28T23:31:59.677928+00:00,,,USA,United States of America
60885695,chronosreturns,340954594232369163,Chronos Returns,520085,2019-11-01T01:56:48.248260+00:00,,,USA,United States of America
102233588,wmd_88,202239856028549120,WMD_88,832560,,,,USA,United States of America
,,536092312946606081,berenyikft,1282071,2020-01-02T00:56:12.999233+00:00,,,GBR,United Kingdom of Great Britain
,,399419968992837632,louieskouie,999999,2019-11-01T19:22:31.230020+00:00,,,,
,,497465108864303124,Tryad,854480,2019-11-01T19:25:38.708875+00:00,650000,2019-11-03T19:34:19.974825+00:00,FRA,France
,,149407885829472256,BeastinShen,1036780,2019-11-01T19:41:45.903288+00:00,,,,
,,354323553908162572,Dobry_Czlowiek,0,2019-11-01T19:42:48.890605+00:00,104070,2019-11-01T19:43:03.197820+00:00,,
188628047,adammts02,405437891741745153,AdamMts02,1167240,2019-11-16T21:23:29.560446+00:00,710640,2020-01-03T16:49:00.489201+00:00,POL,Poland
120038014,lastarot_qc,354476787268452363,Lastarot,884000,2019-12-10T01:42:28.097219+00:00,,,BEL,Belgium
25397814,reku314,107603469141073920,Alice M,78517,2019-11-01T21:29:40.665785+00:00,,,USA,United States of America
216593680,divcaste,438387333557911552,DivCaste,939400,2020-01-03T21:55:59.297841+00:00,,,USA,United States of America
183876626,storminorman_,,,291153,2019-11-02T01:03:23.264434+00:00,,,,
166263151,zefanyanenu,357148524024168450,Nenu Zefanya,1248640,2019-12-28T07:16:28.220920+00:00,,,IDN,Indonesia
,,233274762711924737,vst_koryan,1273120,2019-11-02T06:28:30.828323+00:00,,,JPN,Japan
197332025,jacozudemby,286124676500160512,Jacoby,517042,2020-01-08T20:05:31.268077+00:00,442215,2020-01-01T14:45:19.396984+00:00,DEU,Germany
102397753,lukegym,,,1,2019-11-02T19:03:24.737711+00:00,,,,
,,159948808355053568,Qlex,,,427563,2019-11-03T11:10:56.144836+00:00,,
415804107,3nt0n,313635450566868992,3nt0n,764119,2019-12-18T14:02:15.373736+00:00,,,DEU,Germany
75360090,christossb,,,690020,2020-01-19T22:35:11.548560+00:00,,,,
466634369,poet13,,,1170820,2019-12-05T19:37:55.352576+00:00,689740,2020-01-19T22:58:05.792888+00:00,,
224910510,iannibba,272445805040762880,IanNibba,1261984,2019-12-21T02:14:50.100803+00:00,682720,2020-01-13T01:35:37.453326+00:00,USA,United States of America
,,264844955523088394,Krzywy,335823,2019-11-25T21:56:36.084769+00:00,223524,2019-11-25T21:54:47.665906+00:00,,
,,600230076533178368,YuhBoi,582000,2019-11-03T12:13:43.889685+00:00,,,TWN,Taiwan
,,496046664256061452,luis000030,597500,2020-01-03T21:01:55.547426+00:00,,,,
97201153,chirpingmatt,,,606720,2019-11-23T07:01:29.076228+00:00,,,,
105212856,batfoy,349735322353139712,Batfoy,1104420,2020-02-01T20:41:53.326106+00:00,,,USA,United States of America
155331173,genothepuppet,291376904290697216,GenoThePuppet,528581,2020-01-19T17:18:14.445159+00:00,,,USA,United States of America
122946166,ronster,238315578417348608,Ronster1703,344574,2019-11-05T18:50:23.414566+00:00,222317,2019-11-05T18:50:34.901935+00:00,GBR,United Kingdom of Great Britain
224271780,zboonez,472270668591923202,zBOONEz,242973,2019-12-23T20:26:24.494830+00:00,,,USA,United States of America
26454831,kalvin919,,,186455,2019-11-06T03:30:38.370412+00:00,,,,
224548734,antnetworktv,399325775200780300,Raresix,700000,2019-11-06T06:18:37.101582+00:00,100000,2019-11-06T06:19:16.108282+00:00,USA,United States of America
,,299013233103208449,Spigginggi,433467,2019-11-07T01:21:27.252268+00:00,,,,
80688075,buzznbangs,,,433760,2019-11-08T16:03:20.917425+00:00,,,,
,,429691497512697857,rib,344480,2019-11-09T19:50:19.579915+00:00,326184,2019-11-09T19:52:55.465362+00:00,GBR,United Kingdom of Great Britain
39282655,crumson,,,498000,2019-11-09T23:47:41.366538+00:00,,,,
,,163428213438152705,Mr.Faq,535200,2019-11-10T00:40:05.390550+00:00,,,,
109436215,luukasa_,328625071327412267,Luukasa,,,451700,2019-11-24T20:00:47.421192+00:00,FIN,Finland
60510173,juplay,394239928579522562,Juplay,132961,2019-11-12T02:04:55.281121+00:00,,,DEU,Germany
165496082,guardianpsycho,,,527522,2020-01-04T23:59:59.495786+00:00,,,,
,,174175867268759553,nya10,371960,2019-11-13T09:25:27.670020+00:00,,,IDN,Indonesia
18006155,rufussrk,,,11,2019-11-11T23:58:24.114337+00:00,,,,
,,597200558637580299,Pumis,,,613021,2020-01-08T20:32:09.427049+00:00,SWE,Sweden
99052355,afreshmint,116354408555610112,Mint,854160,2019-12-31T08:31:34.045967+00:00,,,,
,,480140707320037396,DanielSong39,258794,2020-01-04T22:00:09.009763+00:00,,,,
42024728,ericcrescini,,,332859,2019-11-18T00:51:05.708376+00:00,,,,
468126593,ifalseflag,,,369439,2019-11-14T06:42:40.631034+00:00,,,,
137747362,walterb,,,359655,2019-11-14T06:43:27.746223+00:00,,,,
80760197,thediamonds8,303248054038036491,WGJC3107,289615,2019-12-21T20:19:06.173880+00:00,130546,2019-12-22T17:49:22.199270+00:00,GBR,United Kingdom of Great Britain
463067324,michutetris,622901198114258958,Michu,629863,2020-02-02T17:10:54.002369+00:00,568070,2020-02-02T17:10:24.875065+00:00,POL,Poland
42148506,tbricks,134037538472984576,Tbr1cks,909990,,571375,2020-01-31T14:06:16.919520+00:00,ESP,Spain
462456886,arcantiusx,,,523502,2019-11-17T22:13:06.689575+00:00,,,,
104048790,thegarey,,,315447,2019-11-17T22:13:29.690697+00:00,,,,
36998565,kuboxxxxx,245601700864458752,Kuboxxxxx,525160,2020-01-28T22:50:10.601949+00:00,395000,2019-11-17T23:30:00.245112+00:00,POL,Poland
47108547,pumis1,,,,,571367,2019-11-17T23:45:36.354968+00:00,,
125924767,parmajawnchee,,,537370,2019-11-17T23:44:55.854222+00:00,,,,
,,206454359108616193,pahwp,1081420,2019-11-18T00:08:30.566331+00:00,,,USA,United States of America
,,290688502314696705,Nonyo,602400,2019-11-18T00:20:27.496879+00:00,,,USA,United States of America
38149969,undeadfil,,,618320,2020-01-19T20:36:28.938302+00:00,,,,
62864136,biggiemac42,255092784128720896,biggiemac42,520680,2019-11-18T20:12:53.162121+00:00,,,USA,United States of America
172828008,redshurt,254121313856126978,RedShurt,540640,2019-11-23T02:57:30.965865+00:00,,,USA,United States of America
122111234,dizzy_af,185098212091101186,dizzy_af,509611,2019-11-18T10:36:56.077425+00:00,,,RUS,Russian Federation
254397589,mysticitg,610190355668926505,mysticITG,141484,2019-11-27T21:04:19.735045+00:00,,,ESP,Spain
471951502,tuli_tokkie,,,182835,2019-11-28T20:59:04.959360+00:00,,,,
,,232223820805701632,Dominikowy,,,541290,2019-11-20T08:21:29.118257+00:00,,
35834764,pukly,,,84000,2019-11-20T19:07:48.177172+00:00,,,,
,,263665073577263104,teri,214414,2019-11-27T18:49:06.047942+00:00,,,,
,,345341376193363968,,406800,2019-12-07T07:49:23.012823+00:00,,,,
220868977,opaux,292652237199638529,Opaux (Ben),899635,2020-01-15T01:13:55.529629+00:00,210536,2019-12-30T00:28:01.560096+00:00,USA,United States of America
38367419,gforce917,270358608074506251,GForce917,399342,2019-11-21T22:35:07.281185+00:00,,,USA,United States of America
,,272338388785299463,BoneCracker666,244615,2019-11-23T15:37:51.640981+00:00,,,PRT,Portugal
100758742,smooth_motion,515542380548587532,smooth,846632,2019-12-31T00:45:57.444445+00:00,69,,USA,United States of America
,,376897353606627328,Akheron,128734,2019-11-24T20:29:48.194113+00:00,,,,
450088591,ms_drop,,,578517,2019-12-15T17:52:19.109150+00:00,,,,
,,162173910249504769,,291224,2020-01-17T15:20:50.719641+00:00,391908,2020-01-15T23:37:55.110919+00:00,MNG,Mongolia
,,280401999164342273,Axwell15,372268,2020-01-03T02:25:50.390378+00:00,,,NLD,Netherlands
,,321016467472515072,GregBoomCannon,535739,2020-01-16T09:03:16.335958+00:00,,,,
38586229,kryptonick,227859046449938432,Kryptonick,534160,2019-12-21T16:23:20.269763+00:00,,,GBR,United Kingdom of Great Britain
,,125307006260084736,cn,495900,2019-11-27T21:34:40.362308+00:00,,,NOR,Norway
471262652,thai_lurpy,,,999999,2019-12-08T01:25:49.990500+00:00,,,,
52806755,imoclol,363004364178063371,IMoC,573339,2019-12-02T18:38:39.350593+00:00,565002,2019-12-03T18:13:11.011265+00:00,DEU,Germany
,,340346517388787713,Spock,624460,2019-12-02T20:46:02.866502+00:00,,,,
77158380,thrn1,132712344676466689,ÔºäChong,1025280,2020-01-06T16:55:44.540577+00:00,607482,2020-02-01T14:58:07.955019+00:00,SGP,Singapore
417923197,cleman73,264031228196421632,Clemens,512700,2019-12-04T18:01:57.983693+00:00,511243,2019-12-20T18:25:15.023893+00:00,DEU,Germany
71842376,leepinephrine121,537538889284583434,leepinephrine121,889518,2020-01-07T09:24:58.583871+00:00,,,SGP,Singapore
92008610,mylesthegreat,166254443069702145,MylesTheGreat,939620,2020-02-05T00:29:59.051951+00:00,,,USA,United States of America
154060269,ii_am_th3_r3al_amiily,,,578431,2019-12-07T23:29:38.655979+00:00,,,DEU,Germany
,,633209422897872897,mircron,918599,2020-01-19T11:00:48.933696+00:00,,,PHL,Philippines
194398631,timusmaximus1,401382160738549762,TIMUS MAXIMUS,0,2020-01-02T11:35:20.387805+00:00,365481,2020-01-02T12:41:47.166335+00:00,POL,Poland
406947556,drkn1ckers,,,508970,2019-12-08T21:24:20.617081+00:00,,,,
,,304788867863805962,CharlesSparkley,534659,2020-01-19T14:59:44.828117+00:00,,,USA,United States of America
224370095,jaretetris,,,230250,2020-02-01T19:06:29.471553+00:00,,,,
477175559,2002smoothm,,,14,2019-12-11T02:21:44.208862+00:00,,,,
,,623315628442517527,Zipley,535549,2020-01-16T18:03:49.349423+00:00,,,USA,United States of America
407535138,mrpittjr,505464377772736522,MrPitt,87919,2019-12-14T19:51:07.563574+00:00,,,USA,United States of America
56679039,smoljordan,236566052790730753,Jordan,832580,2020-01-31T07:53:55.374460+00:00,,,USA,United States of America
,,400587440282271754,~Luke,417064,2019-12-18T12:23:21.715818+00:00,,,IND,India
457770305,zipley,,,535549,2020-02-01T11:46:59.384426+00:00,,,,
134186563,jello_ssb,204356788261355521,PikaClone,854000,2019-12-16T03:37:20.771967+00:00,,,USA,United States of America
125110047,lzytom,119687021026344962,LzyTom,525980,2019-12-17T22:33:19.800759+00:00,,,GBR,United Kingdom of Great Britain
,,346410472540602378,Artax,120663,2019-12-22T20:51:02.864458+00:00,,,USA,United States of America
123112964,k1kacz,497416964747034635,No_Idea,439300,2019-12-18T18:25:20.646876+00:00,,,CZE,Czechia
151993025,tetrium,291675361178157057,tetrium,578132,2019-12-18T18:44:52.315723+00:00,,,CAN,Canada
25775699,deserteagle417,142841812690796544,deserteagle417,466361,2019-12-18T20:18:43.737872+00:00,,,USA,United States of America
131421142,quart_os,,,453480,2019-12-20T04:06:33.293700+00:00,,,,
,,374123629711065109,grape,1082152,2020-01-12T09:26:59.828355+00:00,579213,2020-01-13T09:31:54.510874+00:00,SGP,Singapore
,,657789731836395530,MarchGolas,999999,2019-12-21T06:26:32.313918+00:00,,,,
,,247491971013279744,,379589,2019-12-21T21:29:01.121807+00:00,,,USA,United States of America
,,658054661139333120,pogjapan,235980,2019-12-23T17:28:33.748357+00:00,62320,2019-12-23T17:28:46.884297+00:00,JPN,Japan
,,217933338407731200,‡∏™‡πá‡πá‡πá‡πá‡πá‡πá‡πá‡πá‡πá‡∏™‡πá‡πá‡πá‡πá‡πá‡πá‡πá‡πá‡πá‡∏™‡πá‡πá‡πá‡πá‡πá‡πá‡πá‡πá‡πá,986697,2019-12-23T13:02:36.442853+00:00,,,AUS,Australia
482338476,fromhavensbedroom,227345212685418506,Haven,296500,2020-01-30T13:31:33.919631+00:00,,,HKG,Hong Kong
,,463423770678394901,tillbaks,637653,2019-12-23T17:58:12.734548+00:00,,,,
,,585356485597462529,Roman_Soldier,616940,2020-01-06T07:58:05.626851+00:00,,,USA,United States of America
,,566961732501635093,PukPow,251045,2020-01-21T04:47:20.166528+00:00,,,THA,Thailand
,,201470097175347200,Alt703,6,2019-12-26T21:48:20.244410+00:00,,,,
53318275,jables1992,,,335340,2019-12-28T18:40:11.812972+00:00,,,,
76903814,gregboomcannon,,,535726,2020-01-19T22:57:03.524510+00:00,,,,
,,227872043092148224,,509060,2019-12-29T03:15:45.113075+00:00,,,,
117205860,jdmfx_,211241380125605889,JdMfX_,1357428,2019-12-29T03:36:21.673011+00:00,758360,2019-12-29T03:38:15.128140+00:00,USA,United States of America
,,316451582784831490,mikeoxbig,713975,2019-12-29T06:16:52.045350+00:00,,,USA,United States of America
405031691,electro_web,555588869941231616,Electro Web,115752,2019-12-29T06:25:59.628658+00:00,,,USA,United States of America
,,281952247573905429,ThatCubingGuy,163548,2019-12-29T06:30:38.153114+00:00,,,USA,United States of America
,,192689543361724416,DaAsiann,862804,2019-12-31T05:17:00.616131+00:00,,,USA,United States of America
,,518537891887185928,jaydubby,455807,2019-12-29T17:37:25.283420+00:00,,,,
49544807,bhayward2000,82985388414599168,bhay,499400,2020-01-30T16:14:10.340335+00:00,409160,2020-01-07T04:27:54.855359+00:00,GBR,United Kingdom of Great Britain
,,474801756782592001,drjules13,597980,2019-12-30T23:24:41.656375+00:00,,,,
,,638904383354044427,myosotis,512677,2019-12-30T23:39:44.415028+00:00,,,NZL,New Zealand
,,587782631291355138,yobi9,526587,2020-01-01T10:21:12.007058+00:00,,,,
,,296773920667861002,TheMisterValor,999999,2020-01-01T11:22:20.138940+00:00,,,,
,,459400119154901023,tavernofheart,427011,2020-02-02T15:32:21.551275+00:00,,,THA,Thailand
49376729,thisriceeater,145536113694605312,This Rice Eater,274470,2020-01-04T13:38:06.894764+00:00,,,AUS,Australia
205480397,potatoesean,156193386292969472,NotNotAllegorial,1010220,2020-02-01T16:53:09.011038+00:00,,,USA,United States of America
232827038,notengonombreusario,543863323259699216,gizmo4487,455357,2020-01-20T18:36:43.555236+00:00,331169,2020-01-12T02:58:45.365024+00:00,USA,United States of America
475556650,metalmonkey28,,,999999,2020-01-05T00:02:01.496264+00:00,,,,
73484848,vanzontv,,,80000,2020-01-05T00:02:10.282861+00:00,,,,
96870815,b6twitch,,,1,2020-01-05T00:02:19.968795+00:00,,,,
439152915,daasiann_,,,1029300,2020-01-19T20:14:14.290509+00:00,,,,
,,552989178887929856,andy_ace55,515520,2020-01-06T01:07:02.699233+00:00,,,CAN,Canada
,,288859851310891008,Civel,,,457098,2020-01-16T22:48:00.472719+00:00,FRA,France
,,244466063490678794,Ben,1177147,2020-01-07T13:43:37.361334+00:00,,,,
,,427005728700760075,lgerm,,,560220,2020-01-07T16:52:10.624935+00:00,,
,,624725885161046067,rikib80,,,597222,2020-01-08T11:10:07.725571+00:00,,
468235416,g0ld3n3k5,664147919682666509,golden,159972,2020-01-10T18:32:07.726115+00:00,,,POL,Poland
,,289895230835261440,tetris_and_beer,600690,2020-01-11T20:18:50.673851+00:00,613900,2020-01-11T20:20:07.175899+00:00,DEU,Germany
3334692,boomtang,,,588398,2020-01-25T20:25:44.090175+00:00,,,,
124961487,heppsxd,216235398672809984,HePPS,657320,2020-02-02T22:16:12.548091+00:00,532440,2020-01-14T18:07:30.188458+00:00,GBR,United Kingdom of Great Britain
,,211092979526533120,Qwiz,235600,2020-01-30T02:44:36.778206+00:00,,,,
,,279981577805758464,derpidude,435660,2020-01-23T14:32:19.109791+00:00,,,USA,United States of America
486673444,georgecola,,,999999,2020-01-19T19:54:25.717147+00:00,,,,
,,174536868350787584,Procyon,528180,2020-01-19T20:00:56.879248+00:00,,,USA,United States of America
439589463,dogemantwitch,,,525000,2020-01-19T20:13:31.390293+00:00,,,,
125237322,luis000030,,,597500,2020-01-19T20:36:17.241636+00:00,,,,
101517844,nansuchao,,,750000,2020-02-02T16:50:05.418039+00:00,625000,2020-02-02T16:49:49.490932+00:00,,
90869307,meta4gt,,,480426,2020-01-19T21:19:59.297470+00:00,,,,
475603812,b3njy_b0y,,,610251,2020-01-19T21:24:31.926326+00:00,,,,
237698461,the_best_donkey_ever,,,2,2020-01-19T22:57:41.719064+00:00,,,,
,,638150651968225300,digginout,1252854,2020-01-19T23:50:42.689417+00:00,,,,
210715672,mauricesy,,,538000,2020-01-20T00:11:19.594049+00:00,,,,
172456567,policychanges,,,15,2020-02-01T21:35:15.907628+00:00,,,,
,,350304657421107202,The best donkey in the world,2,2020-01-20T16:20:56.511247+00:00,,,,
,,424378908218097684,KobeJaxxx,54472,2020-01-20T22:54:08.533797+00:00,,,USA,United States of America
52587329,huffulufugus_,233729731965485056,Huffulufugus,899800,2020-02-04T03:30:48.379408+00:00,,,USA,United States of America
487079713,alex_aka_smooth,664271746597257216,Smooth,1047478,2020-01-24T22:20:42.849294+00:00,,,USA,United States of America
,,650378393501696030,Benjy,610251,2020-01-22T05:15:58.852087+00:00,,,USA,United States of America
,,143522476721307648,Xerxos,472720,2020-01-23T19:43:35.806456+00:00,,,USA,United States of America
,,276440273658052608,tugi,688672,2020-01-27T14:12:41.682869+00:00,,,AUT,Austria
,,353611017831448576,elbryyan,171026,2020-01-25T15:38:18.265123+00:00,,,,
,,159125911243849729,dogemanalt,525000,2020-01-25T15:50:36.078560+00:00,,,,
,,281889405441146881,Cwiiis,521180,2020-01-25T16:09:51.075713+00:00,,,GBR,United Kingdom of Great Britain
465645775,spectre86,,,999999,2020-01-25T21:22:19.062743+00:00,,,,
479163579,ryenwithane,668294266497269790,RyenwithanE,226524,2020-02-02T00:47:15.549742+00:00,,,USA,United States of America
,,272001775953772544,Gerzi,680880,2020-01-26T14:15:45.482439+00:00,,,,
,,216549970587680769,b6,422100,2020-02-02T17:28:54.140076+00:00,,,,
,,610259303672053802,luco107,865880,2020-01-30T11:36:24.021826+00:00,,,NLD,Netherlands
189804993,tuxman531,309429229458685962,TuxMan,164962,2020-01-30T23:08:30.153956+00:00,,,USA,United States of America
,,243317973991948288,Kwake,834183,2020-01-31T07:44:23.335414+00:00,,,,
429903740,syperionn,,,451459,2020-02-01T19:06:58.042662+00:00,,,,
,,262349820100870154,DanTheSpearton,181569,2020-02-01T22:44:23.711154+00:00,,,,
,,637392559869788190,Puff,,,1,2020-02-02T02:15:16.933070+00:00,,
,,609038421771550729,begonethot,514840,2020-02-02T14:16:40.860188+00:00,,,,
29446395,asmadigames,152096149371617280,AsmadiGames,407338,2020-02-02T19:08:24.493394+00:00,,,USA,United States of America
,,83207382410199040,typwo,369917,2020-02-03T00:42:14.987806+00:00,,,,
,,461292499290554368,oboloptis,215080,2020-02-03T15:49:14.447803+00:00,,,,
